Id,class_0,class_1
00eed32682bb,0.8680806,0.13191941
010ebe33f668,0.8680806,0.13191941
02fa521e1838,0.8680806,0.13191941
040e15f562a2,0.8680806,0.13191941
046e85c7cc7f,0.8680806,0.13191941
