Id,class_0,class_1
00eed32682bb,0.5558243,0.4441757
010ebe33f668,0.5558243,0.4441757
02fa521e1838,0.5558243,0.4441757
040e15f562a2,0.5558243,0.4441757
046e85c7cc7f,0.5558243,0.4441757
